gene,mutation,label
ERBB2,R678Q,0.0
TP63,R379C,0.0
EGFR,E114K,0.0
ESR1,E247K,0.0
IDH1,P33S,0.0
FBXW7,R658Q,0.0
VLDLR,R231H,0.0
MSH6,R1095H,0.0
BRAF,R389C,0.0
AXL,R506H,0.0
BRAF,F294L,0.0
RAF1,V537I,0.0
PIK3CB,T417M,0.0
ARAF,D402N,0.0
BRAF,A320T,0.0
PDGFRA,V193I,0.0
FGFR2,G227E,0.0
IDH2,A416V,0.0
MLH1,R474W,0.0
EGFR,S116F,0.0
PIK3CA,R818C,0.0
IDH2,G137E,0.0
FGFR3,H274Y,0.0
PIK3CD,V20I,0.0
PDGFRA,G185W,0.0
MAP2K4,R134Q,0.0
ALK,R401Q,0.0
PDGFRA,R558C,0.0
PDGFRA,D1071N,0.0
PIK3CB,K290N,0.0
AXL,T568M,0.0
ARAF,R188H,0.0
PIK3CB,E1036K,0.0
RAF1,R215C,0.0
PIK3CB,K61T,0.0
PIK3CB,E158K,0.0
PIK3CB,I992T,0.0
BRCA2,R2973C,0.0
RAF1,R495C,0.0
IDH2,T331M,0.0
AKT1,R121W,0.0
SMO,R562Q,0.0
PIK3CB,R103K,0.0
PIK3CB,E1047K,0.0
BRAF,S364L,0.0
BRAF,P348T,0.0
PIK3CB,M68I,0.0
PIK3CB,R149Q,0.0
ALK,G875R,0.0
IDH2,A47V,0.0
PIK3CB,T859A,0.0
SMO,S533N,0.0
SMAD4,K436N,0.0
PDGFRA,E996K,0.0
BRCA2,S2695L,0.0
PIK3CB,D1020H,0.0
EGFR,L38V,0.0
ALK,G1137R,0.0
MET,Y205C,0.0
PIK3CB,H135N,0.0
BRAF,D380H,0.0
AXL,A857V,0.0
ALK,A1234T,0.0
BRAF,F259L,0.0
MSH2,Q645E,0.0
IDH1,E190K,0.0
BRCA2,S3123G,0.0
BRCA1,S1651F,0.0
PIK3CB,N442K,0.0
PIK3CA,G363A,0.0
ALK,L560F,0.0
PIK3CB,A830T,0.0
PIK3CA,R108L,0.0
ARAF,R557Q,0.0
PIK3CA,M1040V,0.0
ARAF,R579Q,0.0
ARAF,G496E,0.0
PIK3CA,F614I,0.0
ALK,M301I,0.0
PIK3CA,L766F,0.0
PIK3CB,L768F,0.0
PIK3CA,R398H,0.0
MET,M1192I,0.0
ALK,A585T,0.0
RAF1,N140H,0.0
BRCA1,E1682K,0.0
CDK12,K975E,0.0
PIK3CB,F876L,0.0
PIK3CB,A875D,0.0
ALK,E994K,0.0
EGFR,Q1164R,0.0
PIK3CB,S4C,0.0
PIK3CB,I512M,0.0
TP53,R290H,0.0
BRAF,K205Q,0.0
PIK3CA,W11L,0.0
PIK3CB,A50P,0.0
ARAF,R428Q,0.0
BRAF,R271H,0.0
PIK3CB,L674P,0.0
RAF1,P505S,0.0
PIK3CB,R668W,0.0
RAF1,R191I,0.0
PIK3CB,R270W,0.0
PIK3CB,V967A,0.0
PIK3CB,L140S,0.0
PIK3CG,G426E,0.0
BRCA1,R866C,0.0
SMO,E194K,0.0
ALK,A195V,0.0
BRAF,L64I,0.0
ESR1,R555C,0.0
CBL,S80N,0.0
IDH2,E268D,0.0
ARAF,G446D,0.0
POLE,F367S,1.0
POLE,V411L,1.0
POLE,P286R,1.0
POLE,P286S,1.0
POLE,S297F,1.0
POLE,L424I,1.0
POLE,S459F,1.0
POLE,P436R,1.0
POLE,L424V,1.0
POLE,M444K,1.0
POLE,A456P,1.0
POLE,D368Y,1.0
POLE,I300I,0.0
POLE,S2084L,0.0
POLE,P1247P,0.0
POLE,A1198A,0.0
POLE,P696S,0.0
POLE,M562T,0.0
POLE,R114*,0.0
POLE,A1140T,0.0
POLE,A1298T,0.0
POLE,A512V,0.0
POLE,P102P,0.0
POLE,S1456S,0.0
POLE,E1977G,0.0
POLE,R685W,0.0
POLE,D2166G,0.0
POLE,E396G,0.0
POLE,Q1049H,0.0
POLE,F990C,0.0
POLE,K429N,0.0
POLE,T278M,0.0
POLE,F2163F,0.0
POLE,A2040V,0.0
POLE,N1156I,0.0
POLE,F1122C,0.0
POLE,G786G,0.0
POLE,E223K,0.0
POLE,F1996S,0.0
POLE,N363N,0.0
POLE,R793C,0.0
POLE,L2083L,0.0
POLE,H1492H,0.0
POLE,G1425G,0.0
POLE,Y103H,0.0
POLE,Y1889C,0.0
POLE,I2199I,0.0
POLE,R1826W,0.0
POLE,L1235I,0.0
POLE,L2112M,0.0
POLE,S554S,0.0
POLE,Q214R,0.0
POLE,Q1335*,0.0
POLE,T1228N,0.0
POLE,R1321K,0.0
POLE,A428T,0.0
POLE,F1708F,0.0
POLE,A426V,0.0
POLE,D2013D,0.0
POLE,R1233*,0.0
POLE,D530D,0.0
POLE,G1256G,0.0
POLE,A781S,0.0
POLE,E978G,1.0
POLE,P916L,0.0
POLE,R742H,0.0
POLE,S692P,0.0
POLE,G388G,0.0
POLE,P338P,0.0
POLE,W1824C,0.0
POLE,C402R,0.0
POLE,V2041V,0.0
POLE,I834I,0.0
POLE,X2046_splice,0.0
POLE,A2006A,0.0
POLE,N1971N,0.0
POLE,T998T,0.0
POLE,S461L,1.0
POLE,F815L,0.0
POLE,C2238C,0.0
POLE,R1879C,0.0
POLE,V1555V,0.0
POLE,R1364C,0.0
POLE,G904G,0.0
POLE,Q453R,0.0
POLE,P1779P,0.0
POLE,P102L,0.0
POLE,R34C,0.0
POLE,R705W,0.0
POLE,M1754V,0.0
POLE,V1227D,0.0
POLE,F985L,0.0
POLE,M820V,0.0
POLE,Y2003Y,0.0
POLE,R2127*,0.0
POLE,Y718Y,0.0
POLE,V2025M,0.0
POLE,E1698D,0.0
POLE,R976S,0.0
POLE,L1441L,0.0
POLE,R266*,0.0
POLE,C2109R,0.0
POLE,A566T,0.0
POLE,L1561P,0.0
POLE,S1380L,0.0
POLE,D529D,0.0
POLE,A1967V,0.0
POLE,T1104M,0.0
POLE,H144Q,0.0
POLE,Y1865Y,0.0
POLE,Y473Y,0.0
POLE,F1553F,0.0
POLE,D1129G,0.0
POLE,E2272E,0.0
POLE,E714E,0.0
POLE,X1793_splice,0.0
POLE,F2063L,0.0
POLE,D1954D,0.0
POLE,S1644L,0.0
POLE,P703S,0.0
POLE,P1688L,0.0
POLE,E1461V,0.0
POLE,F1758F,0.0
POLE,A427A,0.0
POLE,R150R,0.0
POLE,S118Y,0.0
POLE,R764M,0.0
POLE,R1579R,0.0
POLE,I1568V,0.0
POLE,A1990V,0.0
POLE,S1906Y,0.0
POLE,R1870C,0.0
POLE,L1217L,0.0
POLE,S1139S,0.0
POLE,F1985L,0.0
POLE,F94C,0.0
POLE,P1164P,0.0
POLE,T906I,0.0
POLE,Y1367Y,0.0
POLE,M1068T,0.0
POLE,S1644S,0.0
POLE,L800L,0.0
POLE,R1386Q,0.0
POLE,S1590S,0.0
POLE,A1010T,0.0
POLD1,L606M,1.0
POLD1,S478N,1.0
POLD1,L606V,1.0
POLD1,D316G,1.0
POLD1,D316N,1.0
POLD1,E318K,1.0
POLD1,D757G,0.0
POLD1,P787L,0.0
POLD1,V392M,0.0
POLD1,G3V,0.0
POLD1,T582M,0.0
POLD1,R224H,0.0
POLD1,R823H,0.0
POLD1,F637L,0.0
POLD1,S207S,0.0
POLD1,R432R,0.0
POLD1,S767S,0.0
POLD1,A779A,0.0
POLD1,R1098H,0.0
POLD1,P362P,0.0
POLD1,G724R,0.0
POLD1,S758S,0.0
POLD1,C319C,0.0
POLD1,R549C,0.0
POLD1,A769D,0.0
POLD1,T954M,0.0
POLD1,P787P,0.0
POLD1,C139C,0.0
POLD1,R306C,0.0
POLD1,R454R,0.0
POLD1,G764G,0.0
POLD1,Q51H,0.0
POLD1,G68R,0.0
POLD1,R225H,0.0
POLD1,R833C,0.0
POLD1,V700I,0.0
POLD1,V477M,0.0
POLD1,V137I,0.0
POLD1,A509D,0.0
POLD1,A563D,0.0
POLD1,G262S,0.0
POLD1,F241F,0.0
POLD1,P154P,0.0
POLD1,V556I,0.0
POLD1,A127T,0.0
POLD1,V489A,0.0
POLD1,A890V,0.0
POLD1,N531N,0.0
POLD1,D37N,0.0
POLD1,R218H,0.0
POLD1,V368M,0.0
POLD1,P608P,0.0
POLD1,T258T,0.0
POLD1,T473T,0.0
POLD1,R195*,0.0
POLD1,R211C,0.0
POLD1,Q379*,0.0
POLD1,L353M,0.0
POLD1,R1086Q,0.0
POLD1,F144F,0.0
POLD1,T473M,0.0
POLD1,P912L,0.0
POLD1,R623Q,0.0
POLD1,P972S,0.0
ACVR1,G328V,1.0
ACVR1,G356D,1.0
ACVR1,R206H,1.0
AKT1,D323N,1.0
AKT1,D323Y,1.0
AKT1,E17K,1.0
AKT1,E40K,1.0
AKT1,E49K,1.0
AKT1,L52H,1.0
AKT1,L52R,1.0
AKT1,N53H,0.0
AKT1,Q79K,1.0
AKT1,R370C,1.0
AKT1,W80R,1.0
AKT2,E17K,1.0
AKT2,H355Y,1.0
AKT2,I289M,1.0
AKT2,R170W,1.0
AKT3,E17K,1.0
ALK,A1200V,0.0
ALK,E1242K,0.0
ALK,E1384K,1.0
ALK,G1269E,1.0
ALK,R395H,1.0
ALK,R401L,1.0
AR,F877L,1.0
AR,H875Y,1.0
AR,L702H,1.0
ARAF,P216L,1.0
ARAF,S214C,1.0
ARAF,S214F,1.0
ARAF,S214P,1.0
ARAF,S214T,1.0
ARHGAP35,R832Q,1.0
ARHGAP35,S866F,1.0
ARHGAP35,Y742H,1.0
ARID1A,G2087E,1.0
ARID1A,G2087R,1.0
ARID2,R314C,1.0
ARID2,S297F,1.0
ASXL2,E330D,1.0
ASXL2,E330K,1.0
ASXL2,E330Q,1.0
ATM,A2062V,1.0
ATM,A220V,0.0
ATM,D1682Y,1.0
ATM,D2708N,1.0
ATM,E2039K,1.0
ATM,I2888L,1.0
ATM,I323V,1.0
ATM,L2890R,1.0
ATM,L2890V,1.0
ATM,N2875K,1.0
ATM,P292L,1.0
ATM,Q2730P,1.0
ATM,R1466Q,1.0
ATM,R2832C,1.0
ATM,R3008C,1.0
ATM,R3008H,1.0
ATM,R337C,1.0
ATM,R337H,1.0
ATM,S1455R,1.0
ATM,S2394L,1.0
ATP1A1,V332G,1.0
ATP6V1B2,R400Q,1.0
AXL,A273V,1.0
B2M,L12P,1.0
B2M,L12Q,1.0
B2M,L7S,1.0
BAP1,C91G,1.0
BAP1,E685V,1.0
BAP1,F170C,1.0
BAP1,F170L,1.0
BCL2,A131D,1.0
BCL2L11,G156E,1.0
BCL2L11,G156R,1.0
BCL6,R594Q,1.0
BCL6,R618C,1.0
BCOR,N1459S,1.0
BIRC3,G472R,0.0
BIRC3,R172I,0.0
BIRC3,R448Q,0.0
BIRC3,S248C,0.0
BIRC3,S278R,0.0
BIRC3,S7I,0.0
BIRC3,T488M,0.0
BIRC3,T536R,0.0
BRAF,F247L,1.0
BRAF,G258V,1.0
BRAF,L245F,1.0
BRAF,P367S,1.0
BRAF,T241M,1.0
BRCA1,E9Q,0.0
BRCA1,G1788V,1.0
BRCA1,L49M,0.0
BRCA1,R1203Q,0.0
BRCA1,R252H,0.0
BRCA1,R7C,0.0
BRCA1,S1722F,1.0
BRCA1,V1714G,1.0
BRCA2,A3088V,0.0
BRCA2,G2596E,1.0
BRCA2,L2972W,0.0
BRCA2,M192T,0.0
BRCA2,P2800R,0.0
BRCA2,P3063S,0.0
BRCA2,R2494Q,0.0
BRCA2,R2520Q,0.0
BRCA2,R2784Q,1.0
BRCA2,R2842C,1.0
BRCA2,R2842H,0.0
BRCA2,R2973H,0.0
BRCA2,S206C,1.0
BRCA2,S2670L,1.0
BRCA2,S2704F,0.0
BRCA2,T2662M,0.0
BRCA2,Y2726C,1.0
BRD4,P1065R,1.0
BRIP1,A745T,0.0
BRIP1,R865W,1.0
BTG1,Q36H,1.0
BTK,R28C,0.0
CARD11,C49Y,1.0
CARD11,D230N,1.0
CARD11,D357N,1.0
CARD11,D357V,1.0
CARD11,E626K,1.0
CARD11,G126D,1.0
CARD11,K215M,1.0
CARD11,K215N,1.0
CARD11,K215T,1.0
CARD11,R423Q,1.0
CARD11,R423W,1.0
CARD11,S250P,1.0
CBL,P417H,1.0
CBL,P417L,1.0
CCND1,C47S,1.0
CCND1,P287A,1.0
CCND1,P287L,1.0
CCND1,P287R,1.0
CCND1,P287S,1.0
CCND1,P287T,1.0
CCND1,T286A,1.0
CCND1,T286I,1.0
CCND3,T283A,1.0
CDH1,A634V,1.0
CDH1,D254Y,1.0
CDH1,D257N,1.0
CDH1,D288N,1.0
CDH1,D288V,1.0
CDH1,R63P,1.0
CDH1,R732Q,1.0
CDH1,Y190C,1.0
CDK12,L996F,1.0
CDK12,R882L,1.0
CDK12,R890H,1.0
CDK4,K22M,1.0
CDK4,K22Q,1.0
CDK4,R24C,1.0
CDK4,R24H,1.0
CDK4,R24L,1.0
CDK4,R24S,1.0
CDKN1B,G72D,1.0
CDKN2A,D108G,1.0
CDKN2A,D108H,1.0
CDKN2A,D108N,1.0
CDKN2A,D108V,1.0
CDKN2A,D108Y,1.0
CDKN2A,D74N,1.0
CDKN2A,D74V,1.0
CDKN2A,D74Y,1.0
CDKN2A,D84G,1.0
CDKN2A,D84N,1.0
CDKN2A,D84V,1.0
CDKN2A,D84Y,1.0
CDKN2A,E88K,1.0
CDKN2A,G101W,1.0
CDKN2A,G23D,1.0
CDKN2A,H83D,1.0
CDKN2A,H83Q,1.0
CDKN2A,H83R,1.0
CDKN2A,H83Y,1.0
CDKN2A,L32P,1.0
CDKN2A,M53I,1.0
CDKN2A,N42H,1.0
CDKN2A,N42I,1.0
CDKN2A,P114L,1.0
CDKN2A,P114T,1.0
CDKN2A,P48L,1.0
CDKN2A,P48R,1.0
CDKN2A,P81L,1.0
CDKN2A,Q50H,1.0
CDKN2A,Q50R,1.0
CDKN2A,S12L,1.0
CIC,A1185T,1.0
CIC,N205S,1.0
CIC,P203L,1.0
CIC,P203S,1.0
CIC,R1512C,1.0
CIC,R1512H,1.0
CIC,R1512L,1.0
CIC,R1512S,1.0
CIC,R1515C,1.0
CIC,R1515H,1.0
CIC,R201W,1.0
CIC,R202Q,1.0
CIC,R202W,1.0
CIC,R215Q,1.0
CIC,R215W,1.0
CIC,S231G,1.0
CIC,S231I,1.0
CIITA,T636M,1.0
COL2A1,G1170S,1.0
CREBBP,D1435G,1.0
CREBBP,D1435H,1.0
CREBBP,D1435Y,1.0
CREBBP,I1431V,1.0
CREBBP,R1446C,1.0
CREBBP,R1446H,1.0
CREBBP,R1446L,1.0
CREBBP,S1436N,1.0
CREBBP,W1472C,1.0
CREBBP,Y1450C,1.0
CREBBP,Y1450D,1.0
CREBBP,Y1503C,1.0
CRLF2,S128L,1.0
CSF1R,E633K,0.0
CTCF,H284N,1.0
CTCF,H284P,1.0
CTCF,H284Y,1.0
CTCF,H288D,1.0
CTCF,P378L,1.0
CTCF,R339Q,1.0
CTCF,R339W,1.0
CTCF,R377C,1.0
CTCF,R377H,1.0
CTCF,S354F,1.0
CTCF,S354Y,1.0
CTCF,Y226C,0.0
CTNNB1,D32A,1.0
CTNNB1,D32G,1.0
CTNNB1,D32H,1.0
CTNNB1,D32N,1.0
CTNNB1,D32V,1.0
CTNNB1,D32Y,1.0
CTNNB1,G34E,1.0
CTNNB1,G34R,1.0
CTNNB1,G34V,1.0
CTNNB1,H36P,1.0
CTNNB1,I35S,1.0
CTNNB1,K292E,1.0
CTNNB1,K292T,1.0
CTNNB1,K335I,1.0
CTNNB1,K335T,1.0
CTNNB1,N387I,1.0
CTNNB1,N387K,1.0
CTNNB1,N387Y,1.0
CTNNB1,R535Q,1.0
CTNNB1,S33A,1.0
CTNNB1,S33C,1.0
CTNNB1,S33F,1.0
CTNNB1,S33P,1.0
CTNNB1,S33T,1.0
CTNNB1,S33Y,1.0
CTNNB1,S37A,1.0
CTNNB1,S37C,1.0
CTNNB1,S37F,1.0
CTNNB1,S37P,1.0
CTNNB1,S37Y,1.0
CTNNB1,S45C,1.0
CTNNB1,S45F,1.0
CTNNB1,S45P,1.0
CTNNB1,S45Y,1.0
CTNNB1,T41A,1.0
CTNNB1,T41I,1.0
CTNNB1,T41N,1.0
CTNNB1,W383C,1.0
CTNNB1,W383G,1.0
CTNNB1,W383R,1.0
CTR9,A220T,1.0
CTR9,R201C,1.0
CTR9,R98W,0.0
CUL3,M299R,1.0
CYSLTR2,L129Q,1.0
DDB2,R273H,1.0
DICER1,D1709N,1.0
DICER1,D1810A,1.0
DICER1,D1810H,1.0
DICER1,D1810N,1.0
DICER1,D1810V,1.0
DICER1,D1810Y,1.0
DICER1,E1705A,1.0
DICER1,E1705K,1.0
DICER1,E1813A,1.0
DICER1,E1813G,1.0
DICER1,G1809R,1.0
DICER1,R944Q,0.0
DICER1,S1344L,1.0
DIS3,D479G,1.0
DIS3,D479H,1.0
DIS3,D479V,1.0
DIS3,D488A,1.0
DIS3,D488G,1.0
DIS3,D488N,1.0
DIS3,L767F,1.0
DIS3,R382Q,1.0
DIS3,R689G,1.0
DIS3,R689Q,1.0
DIS3,R780G,1.0
DIS3,R780K,1.0
DIS3,R780S,1.0
DIS3,R780T,1.0
DNMT1,E432K,1.0
DNMT1,E51K,1.0
DNMT3A,A192E,1.0
DNMT3A,A380T,0.0
DNMT3A,A741V,1.0
DNMT3A,A884V,0.0
DNMT3A,A910V,1.0
DNMT3A,C497Y,1.0
DNMT3A,D686Y,1.0
DNMT3A,E281K,0.0
DNMT3A,E342K,1.0
DNMT3A,E428Q,0.0
DNMT3A,F414S,1.0
DNMT3A,F751I,1.0
DNMT3A,G413S,0.0
DNMT3A,G822D,1.0
DNMT3A,K272N,0.0
DNMT3A,L737F,1.0
DNMT3A,P307S,1.0
DNMT3A,P419T,0.0
DNMT3A,P804S,0.0
DNMT3A,R183W,1.0
DNMT3A,R288W,0.0
DNMT3A,R379H,1.0
DNMT3A,R596W,1.0
DNMT3A,R604Q,0.0
DNMT3A,R659H,1.0
DNMT3A,R676W,1.0
DNMT3A,R720H,0.0
DNMT3A,R736H,1.0
DNMT3A,R771Q,1.0
DNMT3A,R792H,0.0
DNMT3A,R803S,1.0
DNMT3A,R882C,1.0
DNMT3A,R882H,1.0
DNMT3A,S714C,1.0
DNMT3A,T835M,1.0
DNMT3A,V563M,1.0
DNMT3A,W893R,1.0
DNMT3A,Y533C,1.0
DNMT3B,V229M,1.0
DOT1L,S225L,1.0
DTX1,A56T,0.0
DTX1,F82L,0.0
DTX1,P11S,0.0
EGFR,A289D,1.0
EGFR,A289T,1.0
EGFR,A289V,1.0
EGFR,A871G,1.0
EGFR,C620W,1.0
EGFR,C620Y,1.0
EGFR,C624F,1.0
EGFR,D1009N,0.0
EGFR,D191N,0.0
EGFR,D256Y,1.0
EGFR,D761N,1.0
EGFR,D837N,0.0
EGFR,E330K,1.0
EGFR,E709K,1.0
EGFR,E967A,1.0
EGFR,F712L,0.0
EGFR,G465R,1.0
EGFR,G588S,1.0
EGFR,G598A,0.0
EGFR,G598E,1.0
EGFR,G598V,1.0
EGFR,G63E,1.0
EGFR,G63R,1.0
EGFR,G719A,1.0
EGFR,G719C,1.0
EGFR,G719S,1.0
EGFR,G724S,1.0
EGFR,G983R,1.0
EGFR,H304Y,1.0
EGFR,H47Y,0.0
EGFR,I475V,0.0
EGFR,K754I,1.0
EGFR,L62R,1.0
EGFR,L747V,1.0
EGFR,L833V,1.0
EGFR,L858R,1.0
EGFR,L861Q,1.0
EGFR,P272L,0.0
EGFR,P373Q,0.0
EGFR,P589L,1.0
EGFR,P596L,1.0
EGFR,P596S,1.0
EGFR,R108G,1.0
EGFR,R108K,1.0
EGFR,R222C,1.0
EGFR,R252H,1.0
EGFR,R252P,1.0
EGFR,R324L,1.0
EGFR,R831C,1.0
EGFR,R831H,0.0
EGFR,S198R,0.0
EGFR,S229C,1.0
EGFR,S645C,1.0
EGFR,S768I,1.0
EGFR,T263I,1.0
EGFR,T263P,1.0
EGFR,T363I,1.0
EGFR,T790M,1.0
EGFR,V148M,1.0
EGFR,V292M,1.0
EGFR,V769L,1.0
EGFR,V769M,1.0
EGFR,V843L,1.0
EIF1AX,G15D,1.0
EIF1AX,G15V,0.0
EIF1AX,G6D,1.0
EIF1AX,G6S,1.0
EIF1AX,G8E,1.0
EIF1AX,G8R,1.0
EIF1AX,G8V,1.0
EIF1AX,G9D,1.0
EIF1AX,G9R,1.0
EIF1AX,K10E,1.0
EIF1AX,K3E,1.0
EIF1AX,N4S,1.0
EIF1AX,P2S,1.0
EIF1AX,R13C,1.0
EIF1AX,R13G,1.0
EIF1AX,R13H,1.0
ELOC,Y79F,1.0
EP300,C1164Y,1.0
EP300,D1399N,1.0
EP300,D1399Y,1.0
EP300,H1451P,1.0
EP300,H1451R,1.0
EP300,P1502L,1.0
EP300,Q1455H,1.0
EP300,Q1455R,1.0
EP300,W1466C,1.0
EP300,W1466L,1.0
EP300,Y1414C,1.0
EP300,Y1414D,1.0
EP300,Y1467S,1.0
EPAS1,A530V,1.0
EPAS1,P531S,1.0
EPAS1,Y532C,1.0
EPHA7,G656E,1.0
EPHA7,G656W,1.0
EPHB1,R743Q,1.0
EPHB1,R743W,1.0
EPHB1,R84H,0.0
EPHB1,R90C,0.0
ERBB2,A241V,0.0
ERBB2,A293V,1.0
ERBB2,D277Y,1.0
ERBB2,D742H,0.0
ERBB2,D769H,1.0
ERBB2,D769Y,1.0
ERBB2,E1021Q,0.0
ERBB2,E1079K,0.0
ERBB2,E1244D,0.0
ERBB2,E1244Q,0.0
ERBB2,E280K,0.0
ERBB2,G222C,1.0
ERBB2,G309A,1.0
ERBB2,G660R,1.0
ERBB2,G776S,1.0
ERBB2,G776V,1.0
ERBB2,I101S,0.0
ERBB2,I263T,0.0
ERBB2,I767M,1.0
ERBB2,L755M,0.0
ERBB2,L755S,1.0
ERBB2,L755W,1.0
ERBB2,L841V,1.0
ERBB2,L866M,1.0
ERBB2,M916I,1.0
ERBB2,N1219S,0.0
ERBB2,P1199T,0.0
ERBB2,P1234S,0.0
ERBB2,R1006C,0.0
ERBB2,R103Q,1.0
ERBB2,R138W,0.0
ERBB2,R868W,1.0
ERBB2,R897Q,0.0
ERBB2,S310F,1.0
ERBB2,S310Y,1.0
ERBB2,S573L,0.0
ERBB2,S649T,1.0
ERBB2,S653C,1.0
ERBB2,T306M,0.0
ERBB2,T733I,1.0
ERBB2,T862A,1.0
ERBB2,V1128I,0.0
ERBB2,V659D,1.0
ERBB2,V777L,1.0
ERBB2,V777M,1.0
ERBB2,V842I,1.0
ERBB3,A232T,1.0
ERBB3,A232V,1.0
ERBB3,D297N,1.0
ERBB3,D297V,1.0
ERBB3,E332K,1.0
ERBB3,E332Q,1.0
ERBB3,E928G,1.0
ERBB3,E928K,1.0
ERBB3,F219L,1.0
ERBB3,G284R,1.0
ERBB3,H228Q,1.0
ERBB3,H228R,1.0
ERBB3,K329E,1.0
ERBB3,M60R,1.0
ERBB3,M91I,1.0
ERBB3,N126K,1.0
ERBB3,P262H,1.0
ERBB3,Q809R,1.0
ERBB3,R103H,1.0
ERBB3,R475W,1.0
ERBB3,S846I,1.0
ERBB3,T355I,1.0
ERBB3,T355P,1.0
ERBB3,V104L,1.0
ERBB4,E452K,1.0
ERBB4,E542K,1.0
ERBB4,E836K,1.0
ERBB4,E872K,1.0
ERBB4,F1102C,1.0
ERBB4,K1002T,1.0
ERBB4,K1223M,1.0
ERBB4,K1223T,1.0
ERBB4,L798H,1.0
ERBB4,L798P,1.0
ERBB4,L798R,1.0
ERBB4,R106C,1.0
ERBB4,R106H,1.0
ERBB4,R544W,1.0
ERBB4,S774G,1.0
ERBB4,S774N,1.0
ERCC2,E606G,1.0
ERCC2,E606Q,1.0
ERCC2,E86Q,1.0
ERCC2,G607A,1.0
ERCC2,G675S,0.0
ERCC2,H659Y,1.0
ERCC2,N238S,1.0
ERCC2,P463S,1.0
ERCC2,Q758E,0.0
ERCC2,R631C,1.0
ERCC2,R683W,1.0
ERCC2,S246F,1.0
ERCC2,S246Y,1.0
ERCC2,S44L,1.0
ERCC2,T484A,1.0
ERCC2,T484M,1.0
ERCC2,Y14C,1.0
ERCC2,Y209C,1.0
ERCC2,Y72C,1.0
ERRFI1,K409N,1.0
ERRFI1,K409Q,1.0
ESR1,D538G,1.0
ESR1,E380Q,1.0
ESR1,L536P,1.0
ESR1,S463P,1.0
ESR1,Y537C,1.0
ESR1,Y537H,1.0
ESR1,Y537N,1.0
ESR1,Y537S,1.0
ETV6,P214L,1.0
ETV6,R369L,1.0
ETV6,R369Q,1.0
ETV6,R369W,1.0
ETV6,R396G,1.0
ETV6,R399H,1.0
ETV6,S284F,1.0
FANCA,H492R,1.0
FAT1,R1627Q,1.0
FBXW2,D30Y,0.0
FBXW2,E269K,1.0
FBXW2,G258W,0.0
FBXW2,S84C,1.0
FBXW7,A503V,0.0
FBXW7,D520H,1.0
FBXW7,D520N,1.0
FBXW7,D520Y,1.0
FBXW7,E287K,1.0
FBXW7,E287V,1.0
FBXW7,G423A,1.0
FBXW7,G423V,1.0
FBXW7,R14Q,1.0
FBXW7,R224Q,1.0
FBXW7,R393Q,1.0
FBXW7,R441Q,1.0
FBXW7,R441W,1.0
FBXW7,R465C,1.0
FBXW7,R465G,1.0
FBXW7,R465H,1.0
FBXW7,R465L,1.0
FBXW7,R465P,1.0
FBXW7,R479G,1.0
FBXW7,R479L,1.0
FBXW7,R479P,1.0
FBXW7,R479Q,1.0
FBXW7,R505C,1.0
FBXW7,R505G,1.0
FBXW7,R505H,1.0
FBXW7,R505L,1.0
FBXW7,R505S,1.0
FBXW7,R689W,1.0
FBXW7,S546L,1.0
FBXW7,S582L,1.0
FBXW7,T385I,1.0
FBXW7,T385K,1.0
FBXW7,Y545C,1.0
FES,L145P,1.0
FGFR1,N546K,1.0
FGFR2,A264T,1.0
FGFR2,A648T,0.0
FGFR2,C382R,1.0
FGFR2,C382Y,0.0
FGFR2,D101Y,1.0
FGFR2,E163K,1.0
FGFR2,E596K,0.0
FGFR2,E695K,0.0
FGFR2,E718K,1.0
FGFR2,E731K,1.0
FGFR2,F276C,1.0
FGFR2,G364E,1.0
FGFR2,H242Y,0.0
FGFR2,H544Q,1.0
FGFR2,I547V,1.0
FGFR2,K659E,1.0
FGFR2,K659N,1.0
FGFR2,L560F,1.0
FGFR2,M537I,1.0
FGFR2,M722I,0.0
FGFR2,N549H,1.0
FGFR2,N549K,1.0
FGFR2,P253L,1.0
FGFR2,P708S,0.0
FGFR2,Q212K,1.0
FGFR2,R203H,0.0
FGFR2,R210Q,0.0
FGFR2,R251Q,0.0
FGFR2,R330W,0.0
FGFR2,R399Q,1.0
FGFR2,R625Q,0.0
FGFR2,R664W,0.0
FGFR2,R678G,1.0
FGFR2,S252W,1.0
FGFR2,V392A,1.0
FGFR2,V395D,0.0
FGFR2,W290C,1.0
FGFR2,Y375C,1.0
FGFR3,A257V,0.0
FGFR3,A265V,0.0
FGFR3,E194K,0.0
FGFR3,P63S,0.0
FGFR3,R248C,1.0
FGFR3,S249C,1.0
FGFR4,A749V,0.0
FGFR4,E681K,0.0
FGFR4,R154H,0.0
FGFR4,R203C,0.0
FGFR4,R434Q,0.0
FGFR4,R464W,0.0
FGFR4,R493Q,0.0
FGFR4,R707W,0.0
FGFR4,S342F,0.0
FH,M336I,1.0
FH,M336L,1.0
FLT3,D835E,1.0
FLT3,D835H,1.0
FLT3,D835N,1.0
FLT3,D835Y,1.0
FOXA1,D226G,1.0
FOXA1,D226N,1.0
FOXA1,F266C,1.0
FOXA1,F266I,1.0
FOXA1,F266L,1.0
FOXA1,H247Q,1.0
FOXA1,H247R,1.0
FOXA1,H247Y,1.0
FOXA1,I176M,1.0
FOXA1,I176V,1.0
FOXA1,M253K,1.0
FOXA1,M253T,1.0
FOXA1,R219C,1.0
FOXA1,R261C,1.0
FOXA1,R261G,1.0
FOXA1,S250F,1.0
FOXA1,Y259C,1.0
FOXL2,E118K,1.0
FOXO1,S205N,1.0
FOXO1,S22W,1.0
FOXP1,R514C,1.0
FOXP1,R514H,1.0
FOXP1,S448L,1.0
FUBP1,R430C,1.0
GATA3,M293K,1.0
GATA3,M293R,1.0
GATA3,R364S,1.0
GLI1,R380Q,1.0
GNA11,Q209H,1.0
GNA11,Q209L,1.0
GNA11,R183C,1.0
GNAQ,G48V,0.0
GNAQ,Q209L,1.0
GNAQ,Q209P,1.0
GNAQ,R183Q,0.0
GNAS,Q227H,1.0
GNAS,Q227L,1.0
GNAS,R160C,1.0
GNAS,R201C,1.0
GNAS,R201H,1.0
GNAS,R201L,1.0
GNB1,D118Y,1.0
GNB1,I269T,1.0
GNB1,K57T,1.0
GNB1,R256H,0.0
GNB1,R283C,0.0
GNB1,S316G,1.0
GRIN2A,P1132L,1.0
GTF2I,N440S,1.0
H3-3A,G35R,1.0
H3-3A,G35V,1.0
H3-3A,K28M,1.0
H3C10,K37M,1.0
H3C2,E106K,1.0
H3C2,E106Q,1.0
H3C2,E51D,1.0
H3C2,E51Q,1.0
H3C2,K28E,1.0
H3C3,K37M,1.0
HGF,G229A,1.0
HNF1A,R114C,1.0
HNF1A,R114H,1.0
HRAS,A59T,1.0
HRAS,G12A,1.0
HRAS,G12C,1.0
HRAS,G12D,1.0
HRAS,G12R,1.0
HRAS,G12S,1.0
HRAS,G12V,1.0
HRAS,G13C,1.0
HRAS,G13D,1.0
HRAS,G13R,1.0
HRAS,G13S,1.0
HRAS,K117N,1.0
HRAS,K117R,1.0
HRAS,Q61H,1.0
HRAS,Q61K,1.0
HRAS,Q61L,1.0
HRAS,Q61R,1.0
IDH1,R132C,1.0
IDH1,R132G,1.0
IDH1,R132H,1.0
IDH1,R132L,1.0
IDH1,R132S,1.0
IDH1,R49C,0.0
IDH2,R140Q,1.0
IDH2,R140W,1.0
IDH2,R172G,1.0
IDH2,R172K,1.0
IDH2,R172M,1.0
IDH2,R172S,1.0
IDH2,R172W,1.0
IKZF1,E304K,1.0
IKZF1,E304Q,1.0
IL7R,K395M,1.0
IL7R,K395N,1.0
IL7R,K395T,1.0
INPPL1,R70H,1.0
IRF4,C99R,1.0
IRF4,C99Y,1.0
IRF4,K123R,1.0
IRF8,T80A,1.0
JAK1,F958C,1.0
JAK1,F958S,1.0
JAK1,L910P,1.0
JAK1,R879H,1.0
JAK1,S729C,1.0
JAK2,L551P,1.0
JAK2,R1113H,0.0
JAK2,R683T,1.0
JAK3,A573V,1.0
JAK3,M511I,1.0
JAK3,R403H,0.0
JAK3,R657Q,1.0
JUN,E112K,1.0
JUN,E112Q,1.0
KDM5C,P480L,1.0
KDM6A,G526E,1.0
KDR,D1052N,1.0
KDR,G800R,1.0
KDR,R1022P,1.0
KDR,R1022Q,1.0
KDR,R1032Q,0.0
KDR,R1051Q,1.0
KDR,S1037L,1.0
KDR,S1100F,1.0
KEAP1,C23Y,1.0
KEAP1,C249Y,1.0
KEAP1,D422N,1.0
KEAP1,D479G,1.0
KEAP1,E117K,1.0
KEAP1,G186R,1.0
KEAP1,G333C,1.0
KEAP1,G333S,1.0
KEAP1,G417E,1.0
KEAP1,G417R,1.0
KEAP1,G417V,1.0
KEAP1,G417W,1.0
KEAP1,G423V,1.0
KEAP1,G480W,1.0
KEAP1,G524C,1.0
KEAP1,G603W,1.0
KEAP1,L268P,1.0
KEAP1,M110V,1.0
KEAP1,P278S,1.0
KEAP1,R204P,1.0
KEAP1,R260Q,1.0
KEAP1,R272C,1.0
KEAP1,R272L,1.0
KEAP1,R320L,1.0
KEAP1,R320Q,1.0
KEAP1,R320W,1.0
KEAP1,R470C,1.0
KEAP1,R470H,1.0
KEAP1,R470S,1.0
KEAP1,R601L,1.0
KEAP1,S102L,1.0
KEAP1,S144F,0.0
KEAP1,S243C,1.0
KEAP1,S338L,1.0
KEAP1,T142M,1.0
KEAP1,V155A,1.0
KEAP1,V155F,1.0
KIT,D816H,1.0
KIT,D816V,1.0
KIT,D816Y,1.0
KIT,K558E,1.0
KIT,K642E,1.0
KIT,K642N,1.0
KIT,L576P,1.0
KIT,N822I,1.0
KIT,N822K,1.0
KIT,N822Y,1.0
KIT,P573L,1.0
KIT,P573Q,1.0
KIT,R634W,1.0
KIT,R888Q,0.0
KIT,V559A,1.0
KIT,V559G,1.0
KIT,W557R,1.0
KIT,Y578C,1.0
KLF4,K409N,1.0
KLF4,K409Q,1.0
KLF5,D418G,1.0
KLF5,D418N,1.0
KLF5,E419K,1.0
KLF5,E419Q,1.0
KLF5,P301S,1.0
KLHL6,F97L,1.0
KLHL6,L65P,1.0
KMT2C,R4549C,1.0
KMT2C,R4549H,1.0
KMT2C,R56Q,1.0
KMT2D,R5179C,1.0
KMT2D,R5179H,1.0
KMT2D,R5179L,1.0
KMT2D,R5432Q,1.0
KMT2D,R5432W,1.0
KNSTRN,C22S,1.0
KNSTRN,C22Y,1.0
KNSTRN,P26S,1.0
KNSTRN,P28L,1.0
KNSTRN,P28S,1.0
KNSTRN,R11K,1.0
KNSTRN,S24F,1.0
KRAS,A146P,1.0
KRAS,A146T,1.0
KRAS,A146V,1.0
KRAS,A59E,1.0
KRAS,A59G,1.0
KRAS,A59T,1.0
KRAS,C118S,0.0
KRAS,D33E,1.0
KRAS,D57N,0.0
KRAS,E62K,1.0
KRAS,E63K,1.0
KRAS,G12A,1.0
KRAS,G12C,1.0
KRAS,G12D,1.0
KRAS,G12R,1.0
KRAS,G12S,1.0
KRAS,G12V,1.0
KRAS,G13C,1.0
KRAS,G13D,1.0
KRAS,G13R,1.0
KRAS,G13V,1.0
KRAS,K117N,1.0
KRAS,K117R,1.0
KRAS,K5E,1.0
KRAS,L19F,1.0
KRAS,P34L,1.0
KRAS,Q22K,1.0
KRAS,Q61E,1.0
KRAS,Q61H,1.0
KRAS,Q61K,1.0
KRAS,Q61L,1.0
KRAS,Q61P,1.0
KRAS,Q61R,1.0
KRAS,R68S,1.0
KRAS,V14I,1.0
KRAS,Y64D,1.0
LRP5,A214T,1.0
LRP5,D111Y,1.0
LRP6,S488Y,0.0
LYN,I364L,1.0
LYN,I364N,1.0
LZTR1,G248R,1.0
LZTR1,G404R,1.0
LZTR1,R198G,1.0
LZTR1,R284C,1.0
LZTR1,R466Q,1.0
LZTR1,R810W,1.0
LZTR1,S122L,1.0
LZTR1,W105R,1.0
MAP2K1,A257V,0.0
MAP2K1,C121S,1.0
MAP2K1,D336H,0.0
MAP2K1,D67N,1.0
MAP2K1,E203K,1.0
MAP2K1,E203V,1.0
MAP2K1,E333A,0.0
MAP2K1,E44K,0.0
MAP2K1,F53I,1.0
MAP2K1,F53L,1.0
MAP2K1,F53V,1.0
MAP2K1,G128D,1.0
MAP2K1,G128R,1.0
MAP2K1,G128V,1.0
MAP2K1,G294R,0.0
MAP2K1,I103N,1.0
MAP2K1,I310L,0.0
MAP2K1,K57N,1.0
MAP2K1,K57T,1.0
MAP2K1,L177M,1.0
MAP2K1,L235H,0.0
MAP2K1,L313F,0.0
MAP2K1,N122D,1.0
MAP2K1,P124L,1.0
MAP2K1,P323A,0.0
MAP2K1,Q56P,1.0
MAP2K1,R108Q,0.0
MAP2K1,R227K,0.0
MAP2K1,R349K,0.0
MAP2K1,R49C,1.0
MAP2K1,R49H,0.0
MAP2K1,R96K,0.0
MAP2K1,S327T,0.0
MAP2K1,S86A,0.0
MAP2K1,Y130C,1.0
MAP2K1,Y130N,0.0
MAP2K2,D71N,1.0
MAP2K2,E207K,1.0
MAP2K2,F57L,1.0
MAP2K2,F57V,1.0
MAP2K2,L46F,1.0
MAP2K2,M150L,0.0
MAP2K2,P128L,1.0
MAP2K2,Y134C,1.0
MAP2K4,P326L,1.0
MAP2K4,R134W,1.0
MAP2K4,S184L,1.0
MAP3K1,S1330L,1.0
MAP3K1,S1330W,1.0
MAPK1,D321N,1.0
MAPK1,E322K,1.0
MAPK1,E81K,1.0
MAPK1,R191H,0.0
MAPK1,S142L,1.0
MAX,H28R,1.0
MAX,R35H,1.0
MAX,R35L,1.0
MAX,R36W,1.0
MAX,R60G,1.0
MAX,R60Q,1.0
MAX,R60W,1.0
MED12,G44A,1.0
MED12,G44C,1.0
MED12,G44D,1.0
MED12,L1224F,1.0
MED12,L1224V,1.0
MED12,V1223L,1.0
MEF2B,D83V,1.0
MERTK,R758H,1.0
MET,D1010H,1.0
MET,F1200I,1.0
MET,H1094Y,1.0
MET,M1250T,1.0
MET,V1070E,1.0
MET,V1092I,1.0
MET,Y1230C,1.0
MET,Y1230H,1.0
MET,Y1235H,1.0
MLH1,A111P,1.0
MLH1,G67W,1.0
MLH1,Q60P,1.0
MLH1,R385C,0.0
MPL,P106L,1.0
MSH2,A305T,0.0
MSH2,C697Y,1.0
MSH6,R976H,1.0
MSH6,T1219I,1.0
MTOR,A1459P,1.0
MTOR,A1519T,1.0
MTOR,A1971T,1.0
MTOR,A2210P,1.0
MTOR,A41S,0.0
MTOR,A8S,0.0
MTOR,C1483F,1.0
MTOR,C1483R,1.0
MTOR,C1483Y,1.0
MTOR,D2512G,0.0
MTOR,D2512Y,0.0
MTOR,E1799K,1.0
MTOR,E2419K,1.0
MTOR,F1888L,1.0
MTOR,I2500F,1.0
MTOR,I2500M,1.0
MTOR,I2500N,1.0
MTOR,K1452N,1.0
MTOR,L1433S,1.0
MTOR,L1460P,1.0
MTOR,L2172M,1.0
MTOR,L2209V,1.0
MTOR,L2216P,1.0
MTOR,L2230V,1.0
MTOR,L2427Q,1.0
MTOR,L2427R,1.0
MTOR,M2327I,1.0
MTOR,Q2223K,1.0
MTOR,R2152C,0.0
MTOR,S2215F,1.0
MTOR,S2215Y,1.0
MTOR,T1977I,1.0
MTOR,T1977K,1.0
MTOR,T1977R,1.0
MTOR,V2006I,1.0
MTOR,V2006L,1.0
MTOR,Y1463S,1.0
MYCN,P44L,1.0
MYD88,S230N,1.0
NF1,R1204W,1.0
NF1,R1276Q,1.0
NF1,R1870Q,1.0
NF1,Y489C,1.0
NFE2,R219Q,1.0
NFE2L2,D29G,1.0
NFE2L2,D29H,1.0
NFE2L2,D29N,1.0
NFE2L2,D29Y,1.0
NFE2L2,D77G,1.0
NFE2L2,D77H,1.0
NFE2L2,D77Y,1.0
NFE2L2,E79D,1.0
NFE2L2,E79G,1.0
NFE2L2,E79K,1.0
NFE2L2,E79Q,1.0
NFE2L2,E79V,1.0
NFE2L2,E82A,1.0
NFE2L2,E82D,1.0
NFE2L2,E82G,1.0
NFE2L2,E82Q,1.0
NFE2L2,E82V,1.0
NFE2L2,G31A,1.0
NFE2L2,G31E,1.0
NFE2L2,G31R,1.0
NFE2L2,G31V,1.0
NFE2L2,G81A,1.0
NFE2L2,G81C,1.0
NFE2L2,G81D,1.0
NFE2L2,G81R,1.0
NFE2L2,G81S,1.0
NFE2L2,G81V,1.0
NFE2L2,I28T,1.0
NFE2L2,L30F,1.0
NFE2L2,L30H,1.0
NFE2L2,L30P,1.0
NFE2L2,L30R,1.0
NFE2L2,N160S,1.0
NFE2L2,Q26K,1.0
NFE2L2,Q26L,1.0
NFE2L2,Q26P,1.0
NFE2L2,R34G,1.0
NFE2L2,R34P,1.0
NFE2L2,R34Q,1.0
NFE2L2,T80A,1.0
NFE2L2,T80I,1.0
NFE2L2,T80K,1.0
NFE2L2,T80P,1.0
NFE2L2,T80R,1.0
NFE2L2,W24C,1.0
NFE2L2,W24R,1.0
NOTCH1,A465T,1.0
NOTCH1,C440F,1.0
NOTCH1,C440R,1.0
NOTCH1,C440S,1.0
NOTCH1,E455K,1.0
NOTCH1,G310E,1.0
NOTCH1,G310R,1.0
NOTCH1,G347S,1.0
NOTCH1,R365C,1.0
NRAS,A59G,1.0
NRAS,E132K,0.0
NRAS,G12A,1.0
NRAS,G12C,1.0
NRAS,G12D,1.0
NRAS,G12R,1.0
NRAS,G12S,1.0
NRAS,G12V,1.0
NRAS,G13C,1.0
NRAS,G13D,1.0
NRAS,G13R,1.0
NRAS,G13S,1.0
NRAS,Q61H,1.0
NRAS,Q61K,1.0
NRAS,Q61L,1.0
NRAS,Q61P,1.0
NRAS,Q61R,1.0
NRAS,R164C,0.0
NRAS,Y64D,0.0
NSD1,C1710S,1.0
NSD1,C1710Y,1.0
NSD2,E1099K,1.0
NT5C2,R238Q,1.0
NT5C2,R367Q,1.0
NTRK1,G595R,1.0
NTRK3,G608S,0.0
NUP93,E14K,1.0
PAK5,D421N,1.0
PAK5,E144K,0.0
PAK5,E294K,0.0
PAK5,M173I,0.0
PAK5,S364L,1.0
PAX5,V26G,1.0
PDGFRA,C235R,1.0
PDGFRA,C235S,1.0
PDGFRA,C235Y,1.0
PDGFRA,D842H,1.0
PDGFRA,D842Y,1.0
PDGFRA,E229K,1.0
PDGFRA,E229V,1.0
PDGFRA,F808L,0.0
PDGFRA,N659K,1.0
PDGFRA,N659Y,1.0
PDGFRA,R822H,1.0
PDGFRA,W349C,0.0
PDPK1,P499L,1.0
PDPK1,P499S,1.0
PGR,R836Q,1.0
PIK3CA,A1066V,1.0
PIK3CA,C378F,1.0
PIK3CA,C378R,1.0
PIK3CA,C378Y,1.0
PIK3CA,C420R,1.0
PIK3CA,C604R,1.0
PIK3CA,C901F,1.0
PIK3CA,C90G,1.0
PIK3CA,C90R,1.0
PIK3CA,C90Y,0.0
PIK3CA,C971R,1.0
PIK3CA,D350G,1.0
PIK3CA,D350N,1.0
PIK3CA,D939G,1.0
PIK3CA,E1037K,1.0
PIK3CA,E365K,1.0
PIK3CA,E365V,1.0
PIK3CA,E39G,1.0
PIK3CA,E39K,1.0
PIK3CA,E453D,1.0
PIK3CA,E453K,1.0
PIK3CA,E453Q,1.0
PIK3CA,E542A,1.0
PIK3CA,E542G,1.0
PIK3CA,E542K,1.0
PIK3CA,E542V,1.0
PIK3CA,E545A,1.0
PIK3CA,E545D,1.0
PIK3CA,E545G,1.0
PIK3CA,E545K,1.0
PIK3CA,E545Q,1.0
PIK3CA,E545V,1.0
PIK3CA,E547K,0.0
PIK3CA,E600K,1.0
PIK3CA,E726K,1.0
PIK3CA,E81K,1.0
PIK3CA,E970K,1.0
PIK3CA,G1007R,1.0
PIK3CA,G1049R,1.0
PIK3CA,G106D,1.0
PIK3CA,G106R,1.0
PIK3CA,G106S,1.0
PIK3CA,G106V,1.0
PIK3CA,G118D,1.0
PIK3CA,G364R,1.0
PIK3CA,G451R,1.0
PIK3CA,G451V,1.0
PIK3CA,G914R,1.0
PIK3CA,H1047L,1.0
PIK3CA,H1047Q,1.0
PIK3CA,H1047R,1.0
PIK3CA,H1047Y,1.0
PIK3CA,K111E,1.0
PIK3CA,K111R,1.0
PIK3CA,M1004I,1.0
PIK3CA,M1004V,1.0
PIK3CA,M1043I,1.0
PIK3CA,M1043L,1.0
PIK3CA,M1043T,1.0
PIK3CA,M1043V,1.0
PIK3CA,N1044K,1.0
PIK3CA,N1044Y,1.0
PIK3CA,N107S,1.0
PIK3CA,N345H,1.0
PIK3CA,N345I,1.0
PIK3CA,N345K,1.0
PIK3CA,N345S,1.0
PIK3CA,N345T,1.0
PIK3CA,N345Y,1.0
PIK3CA,P104L,1.0
PIK3CA,P104R,1.0
PIK3CA,P366R,1.0
PIK3CA,P471A,1.0
PIK3CA,P471L,1.0
PIK3CA,P539R,1.0
PIK3CA,Q546E,1.0
PIK3CA,Q546H,1.0
PIK3CA,Q546K,1.0
PIK3CA,Q546P,1.0
PIK3CA,Q546R,1.0
PIK3CA,Q75E,1.0
PIK3CA,R108H,1.0
PIK3CA,R115L,1.0
PIK3CA,R115P,1.0
PIK3CA,R357Q,1.0
PIK3CA,R38H,1.0
PIK3CA,R38L,1.0
PIK3CA,R88Q,1.0
PIK3CA,R93P,1.0
PIK3CA,R93Q,1.0
PIK3CA,R93W,1.0
PIK3CA,S629C,1.0
PIK3CA,T1025A,1.0
PIK3CA,T1025S,1.0
PIK3CA,T1052K,1.0
PIK3CA,V344A,1.0
PIK3CA,V344G,1.0
PIK3CA,V344M,1.0
PIK3CA,Y1021C,1.0
PIK3CA,Y1021H,1.0
PIK3CB,A1048V,1.0
PIK3CB,D1067H,1.0
PIK3CB,D1067V,1.0
PIK3CB,D1067Y,1.0
PIK3CB,E1051K,1.0
PIK3CB,E470K,1.0
PIK3CB,E497D,1.0
PIK3CB,E552K,1.0
PIK3CD,C416R,1.0
PIK3CD,E1021K,1.0
PIK3CD,G124D,1.0
PIK3CD,G971R,1.0
PIK3R1,D560G,1.0
PIK3R1,D560H,1.0
PIK3R1,D560Y,1.0
PIK3R1,G376R,1.0
PIK3R1,K379E,1.0
PIK3R1,K379N,1.0
PIK3R1,K567E,1.0
PIK3R1,N564D,1.0
PIK3R1,N564K,1.0
PIK3R1,W333R,1.0
PIK3R1,Y452C,1.0
PIK3R1,Y452H,1.0
PIK3R1,Y452N,1.0
PIK3R2,D557H,1.0
PIK3R2,D557Y,1.0
PIK3R2,G373R,1.0
PIK3R2,N561D,1.0
PIM1,E79D,1.0
PIM1,K24N,1.0
PIM1,L2F,1.0
PIM1,P81S,1.0
PIM1,Q37H,1.0
PLCG1,R707Q,1.0
PLK2,L208V,1.0
PMS2,E5K,0.0
PMS2,L585I,0.0
PMS2,R107W,1.0
POLD1,R689W,1.0
POLE,M295R,1.0
POLE,P286L,1.0
POT1,I78T,1.0
POT1,Y223C,1.0
PPP2R1A,P179L,1.0
PPP2R1A,P179R,1.0
PPP2R1A,R182W,1.0
PPP2R1A,R183G,1.0
PPP2R1A,R183Q,1.0
PPP2R1A,R183W,1.0
PPP2R1A,S256F,1.0
PPP2R1A,S256Y,1.0
PPP6C,P186S,1.0
PPP6C,P186T,1.0
PPP6C,R264C,1.0
PPP6C,S270L,1.0
PRDM14,R505C,1.0
PRDM14,R505H,1.0
PREX2,L50V,1.0
PREX2,P1145S,0.0
PRKCI,R480C,1.0
PRKCI,R480H,1.0
PRKCI,R480S,1.0
PRPF8,A687P,0.0
PRPF8,H1875R,1.0
PTCH1,R571W,0.0
PTEN,A126D,1.0
PTEN,A126G,1.0
PTEN,A126S,1.0
PTEN,A126V,1.0
PTEN,A34P,1.0
PTEN,A39P,1.0
PTEN,C105G,1.0
PTEN,C105R,1.0
PTEN,C105Y,1.0
PTEN,C124F,1.0
PTEN,C124G,1.0
PTEN,C124R,1.0
PTEN,C124S,1.0
PTEN,C136F,1.0
PTEN,C136R,1.0
PTEN,C136Y,1.0
PTEN,C71Y,1.0
PTEN,D107Y,1.0
PTEN,D162V,1.0
PTEN,D24E,1.0
PTEN,D24G,1.0
PTEN,D24H,1.0
PTEN,D24N,1.0
PTEN,D24V,1.0
PTEN,D252G,1.0
PTEN,D252V,1.0
PTEN,D92E,1.0
PTEN,D92G,1.0
PTEN,D92H,1.0
PTEN,D92N,1.0
PTEN,D92V,1.0
PTEN,D92Y,1.0
PTEN,F154L,1.0
PTEN,F241S,1.0
PTEN,F341V,1.0
PTEN,F347L,1.0
PTEN,G127E,1.0
PTEN,G127R,1.0
PTEN,G127V,1.0
PTEN,G129E,1.0
PTEN,G129R,1.0
PTEN,G129V,1.0
PTEN,G132D,1.0
PTEN,G132S,1.0
PTEN,G132V,1.0
PTEN,G165E,1.0
PTEN,G165R,1.0
PTEN,G165V,1.0
PTEN,G251A,1.0
PTEN,G251D,1.0
PTEN,G251V,0.0
PTEN,G36R,1.0
PTEN,G44D,1.0
PTEN,H123D,1.0
PTEN,H123R,1.0
PTEN,H123Y,1.0
PTEN,H61R,1.0
PTEN,H93P,1.0
PTEN,H93R,1.0
PTEN,I101T,1.0
PTEN,I122N,1.0
PTEN,I67K,1.0
PTEN,I67T,1.0
PTEN,K125E,1.0
PTEN,K125T,1.0
PTEN,K128N,1.0
PTEN,K128Q,1.0
PTEN,K342N,1.0
PTEN,K6E,1.0
PTEN,L108P,1.0
PTEN,L112P,1.0
PTEN,L112R,1.0
PTEN,L181P,1.0
PTEN,L320S,1.0
PTEN,L325F,1.0
PTEN,L325R,1.0
PTEN,M134I,1.0
PTEN,M134T,1.0
PTEN,M35I,1.0
PTEN,M35V,1.0
PTEN,N276S,1.0
PTEN,N48K,1.0
PTEN,P246L,1.0
PTEN,P38S,1.0
PTEN,P95L,1.0
PTEN,P96S,1.0
PTEN,P96T,1.0
PTEN,Q171E,1.0
PTEN,Q171K,1.0
PTEN,Q171R,1.0
PTEN,R130G,1.0
PTEN,R130L,1.0
PTEN,R130P,1.0
PTEN,R130Q,1.0
PTEN,R159K,1.0
PTEN,R159S,1.0
PTEN,R15K,1.0
PTEN,R15S,1.0
PTEN,R173C,1.0
PTEN,R173H,1.0
PTEN,S170G,1.0
PTEN,S170I,1.0
PTEN,S170N,1.0
PTEN,S170R,1.0
PTEN,T131A,1.0
PTEN,T131I,1.0
PTEN,T167A,1.0
PTEN,T167N,1.0
PTEN,T277I,1.0
PTEN,V217D,1.0
PTEN,W111R,1.0
PTEN,Y155C,1.0
PTEN,Y174N,1.0
PTEN,Y177C,1.0
PTEN,Y177D,1.0
PTEN,Y177F,1.0
PTEN,Y178C,1.0
PTEN,Y27C,1.0
PTEN,Y27D,1.0
PTEN,Y346D,1.0
PTEN,Y346H,1.0
PTEN,Y68C,1.0
PTEN,Y68N,1.0
PTPN11,A461G,1.0
PTPN11,A461T,1.0
PTPN11,A72D,1.0
PTPN11,A72T,1.0
PTPN11,A72V,1.0
PTPN11,D61N,1.0
PTPN11,D61Y,1.0
PTPN11,E69D,1.0
PTPN11,E76A,1.0
PTPN11,E76G,1.0
PTPN11,E76K,1.0
PTPN11,F285S,1.0
PTPN11,F71L,1.0
PTPN11,G503V,1.0
PTPN11,N308S,1.0
PTPN11,Q510H,1.0
PTPN11,Q510L,1.0
PTPN11,R498W,0.0
PTPN11,T468M,1.0
PTPN11,T507K,1.0
PTPN11,Y63C,1.0
PTPRD,R1088C,1.0
PTPRD,R1088L,1.0
PTPRD,S431L,1.0
PTPRS,R1492Q,1.0
PTPRS,R1492W,1.0
PTPRT,A707T,1.0
PTPRT,E548G,1.0
PTPRT,E548K,1.0
PTPRT,L668V,1.0
PTPRT,L695F,1.0
PTPRT,L695R,1.0
PTPRT,R364Q,1.0
PTPRT,R453C,1.0
PTPRT,T605M,1.0
RAB35,A151T,1.0
RAC1,C18F,1.0
RAC1,C18Y,1.0
RAC1,G12R,1.0
RAC1,P29L,1.0
RAC1,P29S,1.0
RAC1,P29T,1.0
RAC1,P34R,1.0
RAC1,P34S,1.0
RAC1,Q61R,1.0
RAD50,D69N,1.0
RAD50,D69Y,1.0
RAD50,L1237F,1.0
RAD51C,P21A,1.0
RAD51C,P21S,1.0
RAD51C,P21T,1.0
RAD51C,Y224H,1.0
RAF1,E478K,1.0
RAF1,R391W,1.0
RAF1,S257W,1.0
RAF1,S259F,1.0
RAF1,S259P,1.0
RARA,F286I,1.0
RARA,F286S,1.0
RASA1,L481F,1.0
RB1,R621H,1.0
RB1,R698S,1.0
RB1,S567L,1.0
REST,S593N,0.0
RET,E511K,1.0
RET,M918T,1.0
RHEB,Y35C,1.0
RHEB,Y35N,1.0
RHOA,A161T,1.0
RHOA,A161V,1.0
RHOA,E40D,1.0
RHOA,E40K,1.0
RHOA,E40Q,0.0
RHOA,E47K,0.0
RHOA,G17A,1.0
RHOA,G17E,1.0
RHOA,G62E,1.0
RHOA,G62R,1.0
RHOA,L22P,1.0
RHOA,L22R,1.0
RHOA,L57V,1.0
RHOA,L69P,1.0
RHOA,R5Q,1.0
RHOA,R5W,1.0
RHOA,T37I,1.0
RHOA,T37S,1.0
RHOA,Y34C,1.0
RHOA,Y42C,1.0
RHOA,Y42S,1.0
RICTOR,S1101L,1.0
RIT1,A77S,1.0
RIT1,A77T,1.0
RIT1,F82L,1.0
RIT1,M90I,1.0
RIT1,R122L,1.0
RNASEH2A,V133M,0.0
RNF43,H86R,1.0
RNF43,H86Y,1.0
RPS15,G132S,1.0
RPS6KA4,R629C,1.0
RPS6KA4,S236L,1.0
RPTOR,R139H,1.0
RRAS,Q87L,1.0
RRAS2,G24D,1.0
RRAS2,Q72H,1.0
RRAS2,Q72L,1.0
SAMHD1,D137N,1.0
SAMHD1,D497Y,1.0
SAMHD1,R366H,1.0
SAMHD1,V133I,1.0
SDHAF2,S10L,1.0
SESN2,I425V,1.0
SETBP1,D868N,1.0
SETBP1,D868Y,1.0
SETD2,H1603R,1.0
SETD2,R1625C,1.0
SETD2,R1625H,1.0
SETD2,R1625L,1.0
SETD2,R2510H,1.0
SETD2,Y1666H,1.0
SF3B1,D894G,1.0
SF3B1,D894Y,1.0
SF3B1,E622D,1.0
SF3B1,E902G,1.0
SF3B1,E902K,1.0
SF3B1,G740E,1.0
SF3B1,G740V,1.0
SF3B1,G742D,1.0
SF3B1,H662R,1.0
SF3B1,I665F,0.0
SF3B1,K666E,1.0
SF3B1,K666N,1.0
SF3B1,K666Q,1.0
SF3B1,K666T,1.0
SF3B1,K700E,1.0
SF3B1,K741E,1.0
SF3B1,K741N,1.0
SF3B1,K741Q,1.0
SF3B1,N626D,1.0
SF3B1,N626H,1.0
SF3B1,N626Y,1.0
SF3B1,R625C,1.0
SF3B1,R625H,1.0
SF3B1,R957Q,1.0
SHOC2,S2G,1.0
SLC9A3R1,E43G,1.0
SMAD2,D300N,1.0
SMAD2,D450E,1.0
SMAD2,P305L,1.0
SMAD2,P305Q,1.0
SMAD2,R321Q,1.0
SMAD2,S276L,1.0
SMAD3,R268C,1.0
SMAD3,R268H,1.0
SMAD3,R287W,1.0
SMAD3,R373H,1.0
SMAD4,A118V,1.0
SMAD4,C363S,1.0
SMAD4,C363Y,1.0
SMAD4,D351A,1.0
SMAD4,D351G,1.0
SMAD4,D351H,1.0
SMAD4,D351N,1.0
SMAD4,D351Y,1.0
SMAD4,D355G,1.0
SMAD4,D355V,1.0
SMAD4,D355Y,1.0
SMAD4,D493N,1.0
SMAD4,D537E,1.0
SMAD4,D537G,1.0
SMAD4,D537V,1.0
SMAD4,D537Y,1.0
SMAD4,E330K,1.0
SMAD4,E330Q,1.0
SMAD4,G352R,1.0
SMAD4,G352V,1.0
SMAD4,G386C,1.0
SMAD4,G386D,1.0
SMAD4,G386S,1.0
SMAD4,G386V,1.0
SMAD4,G419V,1.0
SMAD4,G510R,1.0
SMAD4,H132Y,1.0
SMAD4,L536P,1.0
SMAD4,L536R,1.0
SMAD4,P130S,1.0
SMAD4,P356L,1.0
SMAD4,P356R,1.0
SMAD4,P356S,1.0
SMAD4,R361C,1.0
SMAD4,R361H,1.0
SMAD4,R361P,1.0
SMAD4,R496H,1.0
SMAD4,R497H,1.0
SMAD4,V370D,1.0
SMAD4,W524C,1.0
SMAD4,W524L,1.0
SMAD4,W524R,1.0
SMAD4,Y353C,1.0
SMAD4,Y353N,1.0
SMAD4,Y95C,1.0
SMARCA2,R1159Q,1.0
SMARCA4,A1186T,0.0
SMARCA4,E821K,1.0
SMARCA4,E882K,1.0
SMARCA4,G1162C,1.0
SMARCA4,G1232S,1.0
SMARCA4,G1232V,1.0
SMARCA4,K785R,1.0
SMARCA4,M781I,1.0
SMARCA4,M781V,1.0
SMARCA4,R1135Q,1.0
SMARCA4,R1135W,1.0
SMARCA4,R1157Q,1.0
SMARCA4,R1189L,1.0
SMARCA4,R1189Q,1.0
SMARCA4,R1192C,1.0
SMARCA4,R1192H,1.0
SMARCA4,R1243W,1.0
SMARCA4,R973Q,1.0
SMARCA4,R973W,1.0
SMARCA4,T910M,1.0
SMARCD1,R183L,1.0
SMARCD1,R183Q,1.0
SMO,I408V,1.0
SMO,V321M,1.0
SOS1,A90T,1.0
SOS1,A90V,1.0
SOS1,D265N,0.0
SOS1,D309Y,1.0
SOS1,E846K,1.0
SOS1,G434R,1.0
SOS1,L938F,0.0
SOS1,M269K,1.0
SOS1,N233Y,1.0
SOS1,N535S,0.0
SOS1,P478L,1.0
SOS1,R552G,1.0
SOS1,R552S,1.0
SOX17,A96G,0.0
SOX17,S403I,0.0
SPOP,D130E,1.0
SPOP,D130H,1.0
SPOP,D140G,1.0
SPOP,D140N,1.0
SPOP,D140Y,1.0
SPOP,E47A,1.0
SPOP,E47K,1.0
SPOP,E50K,1.0
SPOP,F102C,1.0
SPOP,F102I,1.0
SPOP,F102S,1.0
SPOP,F102V,1.0
SPOP,F125I,1.0
SPOP,F125L,1.0
SPOP,F133C,1.0
SPOP,F133I,1.0
SPOP,F133L,1.0
SPOP,F133S,1.0
SPOP,F133V,1.0
SPOP,M117V,1.0
SPOP,P94R,1.0
SPOP,R121Q,1.0
SPOP,S80R,1.0
SPOP,W131C,1.0
SPOP,W131G,1.0
SPOP,W131L,1.0
SPOP,W131R,1.0
SPOP,W131S,1.0
SPOP,Y87C,1.0
SPOP,Y87N,1.0
SPOP,Y87S,1.0
SPRED1,R349S,1.0
SRSF2,P95L,1.0
STAT1,T385M,1.0
STAT3,D661V,1.0
STAT3,D661Y,1.0
STAT3,E616G,1.0
STAT3,E616K,1.0
STAT3,F384L,1.0
STAT3,F384Y,1.0
STAT3,H410R,1.0
STAT3,N647I,1.0
STAT3,S614R,1.0
STAT3,Y640F,1.0
STAT6,N421K,0.0
STK11,A205T,1.0
STK11,D194H,1.0
STK11,D194N,1.0
STK11,D194Y,1.0
STK11,G196R,1.0
STK11,G196V,1.0
STK11,G242V,1.0
STK11,G242W,1.0
STK11,G251C,1.0
STK11,G251R,1.0
STK11,G251V,1.0
STK11,G56W,1.0
STK11,K78N,1.0
STK11,P179Q,1.0
STK11,P179R,1.0
STK11,P221L,1.0
STK11,R304W,1.0
STK11,S193F,1.0
STK11,S216F,1.0
STK11,W239C,1.0
SUFU,G334D,0.0
SUFU,G64V,0.0
SUFU,R339W,1.0
TET2,R1214W,1.0
TGFBR1,I259N,1.0
TGFBR1,R487Q,1.0
TGFBR1,R487W,1.0
TGFBR1,S241L,1.0
TOP1,R621H,0.0
TP53,A138P,1.0
TP53,A159D,1.0
TP53,A159P,1.0
TP53,A159V,1.0
TP53,A161D,1.0
TP53,A161S,1.0
TP53,A161V,1.0
TP53,A276D,1.0
TP53,A276G,1.0
TP53,A276P,1.0
TP53,A307V,0.0
TP53,A347V,1.0
TP53,A70T,0.0
TP53,A74T,0.0
TP53,A79V,0.0
TP53,C124G,0.0
TP53,C124R,1.0
TP53,C135F,1.0
TP53,C135R,1.0
TP53,C135S,1.0
TP53,C135W,1.0
TP53,C135Y,1.0
TP53,C141G,1.0
TP53,C141R,1.0
TP53,C141W,1.0
TP53,C141Y,1.0
TP53,C176F,1.0
TP53,C176G,1.0
TP53,C176R,1.0
TP53,C176S,1.0
TP53,C176W,1.0
TP53,C176Y,1.0
TP53,C238F,1.0
TP53,C238G,1.0
TP53,C238R,1.0
TP53,C238S,1.0
TP53,C238W,1.0
TP53,C238Y,1.0
TP53,C242F,1.0
TP53,C242G,1.0
TP53,C242R,1.0
TP53,C242S,1.0
TP53,C242Y,1.0
TP53,C275F,1.0
TP53,C275G,1.0
TP53,C275R,1.0
TP53,C275S,1.0
TP53,C275W,1.0
TP53,C275Y,1.0
TP53,C277F,1.0
TP53,C277G,1.0
TP53,C277W,1.0
TP53,D148H,0.0
TP53,D148N,0.0
TP53,D208G,0.0
TP53,D208N,0.0
TP53,D208V,1.0
TP53,D228E,0.0
TP53,D228N,0.0
TP53,D259V,1.0
TP53,D259Y,1.0
TP53,D281A,1.0
TP53,D281E,1.0
TP53,D281G,1.0
TP53,D281H,1.0
TP53,D281N,1.0
TP53,D281V,1.0
TP53,D281Y,1.0
TP53,D61G,0.0
TP53,E11K,0.0
TP53,E171K,0.0
TP53,E180K,1.0
TP53,E204D,0.0
TP53,E204Q,0.0
TP53,E224D,0.0
TP53,E258A,1.0
TP53,E258D,1.0
TP53,E258G,1.0
TP53,E258K,1.0
TP53,E258Q,1.0
TP53,E271K,1.0
TP53,E271V,1.0
TP53,E285K,1.0
TP53,E285V,1.0
TP53,E286A,1.0
TP53,E286G,1.0
TP53,E286K,1.0
TP53,E286Q,1.0
TP53,E286V,1.0
TP53,E287D,0.0
TP53,F109C,1.0
TP53,F109S,1.0
TP53,F109V,1.0
TP53,F113C,1.0
TP53,F113L,1.0
TP53,F113V,1.0
TP53,F134L,1.0
TP53,F134S,1.0
TP53,F134V,1.0
TP53,F270C,1.0
TP53,F270I,1.0
TP53,F270L,1.0
TP53,F270S,1.0
TP53,F270V,1.0
TP53,G105C,1.0
TP53,G105D,1.0
TP53,G105R,1.0
TP53,G105S,1.0
TP53,G105V,1.0
TP53,G154V,1.0
TP53,G187S,0.0
TP53,G199V,1.0
TP53,G244C,1.0
TP53,G244D,1.0
TP53,G244R,1.0
TP53,G244S,1.0
TP53,G244V,1.0
TP53,G245A,1.0
TP53,G245C,1.0
TP53,G245D,1.0
TP53,G245R,1.0
TP53,G245S,1.0
TP53,G245V,1.0
TP53,G262V,1.0
TP53,G266E,1.0
TP53,G266R,1.0
TP53,G266V,1.0
TP53,G279E,1.0
TP53,G279R,1.0
TP53,G334W,0.0
TP53,H168L,1.0
TP53,H168P,1.0
TP53,H168R,1.0
TP53,H178D,1.0
TP53,H178P,1.0
TP53,H178Q,1.0
TP53,H179L,1.0
TP53,H179N,1.0
TP53,H179Q,1.0
TP53,H179R,1.0
TP53,H179Y,1.0
TP53,H193D,1.0
TP53,H193L,1.0
TP53,H193N,1.0
TP53,H193P,1.0
TP53,H193R,1.0
TP53,H193Y,1.0
TP53,H214R,1.0
TP53,I162F,1.0
TP53,I162N,1.0
TP53,I195F,1.0
TP53,I195N,1.0
TP53,I195S,1.0
TP53,I195T,1.0
TP53,I232F,1.0
TP53,I232N,1.0
TP53,I232S,1.0
TP53,I232T,1.0
TP53,I251F,1.0
TP53,I251N,1.0
TP53,I251S,1.0
TP53,I254F,1.0
TP53,I254N,1.0
TP53,I254S,1.0
TP53,I255F,1.0
TP53,I255N,1.0
TP53,I255S,1.0
TP53,I255T,1.0
TP53,K120E,1.0
TP53,K120Q,1.0
TP53,K132E,1.0
TP53,K132M,1.0
TP53,K132N,1.0
TP53,K132Q,1.0
TP53,K132R,1.0
TP53,K132T,1.0
TP53,K139N,1.0
TP53,K164E,1.0
TP53,K319N,0.0
TP53,K351E,1.0
TP53,L111P,1.0
TP53,L111Q,1.0
TP53,L111R,1.0
TP53,L130F,1.0
TP53,L130P,1.0
TP53,L130R,1.0
TP53,L130V,1.0
TP53,L145P,1.0
TP53,L145Q,1.0
TP53,L145R,1.0
TP53,L194F,1.0
TP53,L194H,1.0
TP53,L194P,1.0
TP53,L194R,1.0
TP53,L252P,1.0
TP53,L257P,1.0
TP53,L257Q,1.0
TP53,L257R,1.0
TP53,L257V,1.0
TP53,L265P,1.0
TP53,L265R,1.0
TP53,L330R,1.0
TP53,L348F,1.0
TP53,L348S,1.0
TP53,M133K,1.0
TP53,M133R,1.0
TP53,M133T,1.0
TP53,M169I,0.0
TP53,M169T,0.0
TP53,M237I,1.0
TP53,M237K,1.0
TP53,M237V,1.0
TP53,M243I,0.0
TP53,M246I,1.0
TP53,M246K,1.0
TP53,M246L,1.0
TP53,M246R,1.0
TP53,M246T,1.0
TP53,M246V,1.0
TP53,N131I,1.0
TP53,N131S,1.0
TP53,N239D,1.0
TP53,N239S,1.0
TP53,N247I,1.0
TP53,N345D,1.0
TP53,P151A,1.0
TP53,P151H,1.0
TP53,P151R,1.0
TP53,P151S,1.0
TP53,P151T,1.0
TP53,P152L,1.0
TP53,P152Q,1.0
TP53,P152S,1.0
TP53,P177L,1.0
TP53,P177R,1.0
TP53,P177T,0.0
TP53,P190L,1.0
TP53,P190R,1.0
TP53,P190T,1.0
TP53,P191L,0.0
TP53,P250L,1.0
TP53,P278A,1.0
TP53,P278H,1.0
TP53,P278L,1.0
TP53,P278R,1.0
TP53,P278S,1.0
TP53,P278T,1.0
TP53,P27L,1.0
TP53,P67S,0.0
TP53,P92S,0.0
TP53,Q136E,1.0
TP53,Q136H,1.0
TP53,Q136P,1.0
TP53,Q144P,1.0
TP53,Q192R,0.0
TP53,R110C,1.0
TP53,R110L,1.0
TP53,R110P,1.0
TP53,R156G,1.0
TP53,R156P,1.0
TP53,R158C,1.0
TP53,R158G,1.0
TP53,R158H,1.0
TP53,R158L,1.0
TP53,R158P,1.0
TP53,R158S,1.0
TP53,R174W,1.0
TP53,R175G,1.0
TP53,R175H,1.0
TP53,R175L,1.0
TP53,R181C,1.0
TP53,R181H,1.0
TP53,R181P,1.0
TP53,R196P,1.0
TP53,R209I,0.0
TP53,R209K,0.0
TP53,R213G,1.0
TP53,R213L,1.0
TP53,R213P,1.0
TP53,R213Q,1.0
TP53,R248G,1.0
TP53,R248L,1.0
TP53,R248P,1.0
TP53,R248Q,1.0
TP53,R248W,1.0
TP53,R249G,1.0
TP53,R249K,1.0
TP53,R249M,1.0
TP53,R249S,1.0
TP53,R249T,1.0
TP53,R249W,1.0
TP53,R267G,1.0
TP53,R267P,1.0
TP53,R267Q,1.0
TP53,R267W,1.0
TP53,R273C,1.0
TP53,R273G,1.0
TP53,R273H,1.0
TP53,R273L,1.0
TP53,R273P,1.0
TP53,R273S,1.0
TP53,R280G,1.0
TP53,R280I,1.0
TP53,R280K,1.0
TP53,R280S,1.0
TP53,R280T,1.0
TP53,R282G,1.0
TP53,R282P,1.0
TP53,R282Q,1.0
TP53,R282W,1.0
TP53,R283H,1.0
TP53,R283P,1.0
TP53,R333C,1.0
TP53,R337C,1.0
TP53,R337H,1.0
TP53,R337L,1.0
TP53,R337P,1.0
TP53,R337S,1.0
TP53,R342P,1.0
TP53,S106R,0.0
TP53,S127C,1.0
TP53,S127F,1.0
TP53,S127P,1.0
TP53,S127T,1.0
TP53,S127Y,1.0
TP53,S215G,1.0
TP53,S215I,1.0
TP53,S215N,1.0
TP53,S215R,1.0
TP53,S215T,1.0
TP53,S240G,1.0
TP53,S240R,1.0
TP53,S241A,1.0
TP53,S241C,1.0
TP53,S241F,1.0
TP53,S241P,1.0
TP53,S241Y,1.0
TP53,S315C,0.0
TP53,T125M,1.0
TP53,T125P,1.0
TP53,T140A,1.0
TP53,T155I,1.0
TP53,T155N,1.0
TP53,T155P,1.0
TP53,T230P,0.0
TP53,T253A,1.0
TP53,T284P,1.0
TP53,V143A,1.0
TP53,V143E,1.0
TP53,V143G,1.0
TP53,V143M,1.0
TP53,V147G,1.0
TP53,V157D,1.0
TP53,V157F,1.0
TP53,V157G,1.0
TP53,V157L,1.0
TP53,V172D,1.0
TP53,V172F,1.0
TP53,V172G,1.0
TP53,V173A,1.0
TP53,V173G,1.0
TP53,V173L,1.0
TP53,V173M,1.0
TP53,V197G,1.0
TP53,V197L,1.0
TP53,V197M,1.0
TP53,V203L,0.0
TP53,V216E,1.0
TP53,V216G,1.0
TP53,V216L,1.0
TP53,V216M,1.0
TP53,V217G,1.0
TP53,V218E,1.0
TP53,V218G,0.0
TP53,V272A,1.0
TP53,V272G,1.0
TP53,V272L,1.0
TP53,V272M,1.0
TP53,V274A,1.0
TP53,V274D,1.0
TP53,V274F,1.0
TP53,V274G,1.0
TP53,V274L,1.0
TP53,W146S,0.0
TP53,Y107D,1.0
TP53,Y126C,1.0
TP53,Y126D,1.0
TP53,Y126H,1.0
TP53,Y126N,1.0
TP53,Y126S,1.0
TP53,Y163C,1.0
TP53,Y163D,1.0
TP53,Y163H,1.0
TP53,Y163N,1.0
TP53,Y205C,1.0
TP53,Y205D,1.0
TP53,Y205F,1.0
TP53,Y205H,1.0
TP53,Y205N,1.0
TP53,Y205S,1.0
TP53,Y220C,1.0
TP53,Y220D,1.0
TP53,Y220H,1.0
TP53,Y220N,1.0
TP53,Y220S,1.0
TP53,Y234C,1.0
TP53,Y234H,1.0
TP53,Y234N,1.0
TP53,Y234S,1.0
TP53,Y236C,1.0
TP53,Y236D,1.0
TP53,Y236H,1.0
TP53,Y236S,1.0
TP63,E609K,1.0
TP63,S365L,1.0
TRAF7,N520Y,1.0
TSC1,H68R,1.0
TSC2,E254K,0.0
TSC2,P1675L,1.0
TSC2,R245H,0.0
TSC2,R505Q,1.0
TSC2,S1498N,1.0
TSC2,S1653F,1.0
TYK2,R1027H,1.0
VHL,C162F,1.0
VHL,C162R,1.0
VHL,C162Y,1.0
VHL,D121Y,1.0
VHL,G114A,1.0
VHL,H115N,1.0
VHL,H115Q,1.0
VHL,H115Y,1.0
VHL,I151F,1.0
VHL,I151N,1.0
VHL,I151T,1.0
VHL,L118P,1.0
VHL,L158P,1.0
VHL,L158Q,1.0
VHL,L158V,1.0
VHL,L169P,1.0
VHL,L89H,1.0
VHL,L89P,1.0
VHL,N78D,1.0
VHL,N78Y,1.0
VHL,N90I,1.0
VHL,P86L,1.0
VHL,P86T,1.0
VHL,R167G,1.0
VHL,R167W,1.0
VHL,R82P,1.0
VHL,S111I,1.0
VHL,S111N,1.0
VHL,S65L,1.0
VHL,S65W,1.0
VHL,S80R,1.0
VHL,V155L,1.0
VHL,V155M,1.0
VHL,V74D,1.0
VHL,W88R,1.0
VHL,W88S,1.0
XPO1,E571K,1.0
XPO1,R749Q,1.0
ZBTB7A,A522T,0.0
ZBTB7A,D576V,0.0
ZBTB7A,D78E,0.0
ZBTB7A,G406V,1.0
ZBTB7A,G562D,0.0
ZBTB7A,H404R,1.0
ZBTB7A,K424N,1.0
ZBTB7A,K424T,0.0
ZBTB7A,P14S,0.0
ZBTB7A,P184S,1.0
ZBTB7A,Q322L,1.0
ZBTB7A,R112C,0.0
ZBTB7A,R402H,1.0
ZBTB7A,S326L,0.0
ZBTB7A,S357R,0.0
ZBTB7A,T403N,1.0
ZBTB7A,T461M,0.0
